{"cameraMode":{"drawMode":0,"name":"Shaded","section":"Shading Mode"},"sceneLighting":true,"audioPlay":false,"sceneViewState":{"m_AlwaysRefresh":false,"showFog":true,"showSkybox":true,"showFlares":true,"showImageEffects":true,"showParticleSystems":true,"showVisualEffectGraphs":true,"m_FxEnabled":true},"in2DMode":false,"pivot":{"x":377.1790466308594,"y":272.89874267578127,"z":7.766021728515625},"rotation":{"x":-0.14966578781604768,"y":-0.032031964510679248,"z":0.004851265344768763,"w":-0.9882060289382935},"size":296.451904296875,"orthographic":false}